{"tasks":[{"files":["/home/cxcfan/dev/testbench/real/gzip124/.process_makefile/task1/line1-gzip.o.i","/home/cxcfan/dev/testbench/real/gzip124/.process_makefile/task1/line2-zip.o.i","/home/cxcfan/dev/testbench/real/gzip124/.process_makefile/task1/line3-deflate.o.i","/home/cxcfan/dev/testbench/real/gzip124/.process_makefile/task1/line4-trees.o.i","/home/cxcfan/dev/testbench/real/gzip124/.process_makefile/task1/line5-bits.o.i","/home/cxcfan/dev/testbench/real/gzip124/.process_makefile/task1/line6-unzip.o.i","/home/cxcfan/dev/testbench/real/gzip124/.process_makefile/task1/line7-inflate.o.i","/home/cxcfan/dev/testbench/real/gzip124/.process_makefile/task1/line8-util.o.i","/home/cxcfan/dev/testbench/real/gzip124/.process_makefile/task1/line9-crypt.o.i","/home/cxcfan/dev/testbench/real/gzip124/.process_makefile/task1/line10-lzw.o.i","/home/cxcfan/dev/testbench/real/gzip124/.process_makefile/task1/line11-unlzw.o.i","/home/cxcfan/dev/testbench/real/gzip124/.process_makefile/task1/line12-unpack.o.i","/home/cxcfan/dev/testbench/real/gzip124/.process_makefile/task1/line13-unlzh.o.i","/home/cxcfan/dev/testbench/real/gzip124/.process_makefile/task1/line14-getopt.o.i"],"linesAfterProcess":[6865,3147,1700,2181,1345,1412,3083,4192,7,1257,3175,1401,1557,851],"size":14,"rootDir":"/home/cxcfan/dev/testbench/real/gzip124/.process_makefile/task1","taskName":"gzip","allCodeLinesAfterProcess":32173}],"nameToTaskNumber":{"gzip":0},"number":1}